MILIFACE_01_1,MILIFACE_01.png,0,0,152,152
MILIFACE_02_1,MILIFACE_02.png,0,0,152,152
MILIFACE_03_1,MILIFACE_03.png,0,0,152,152
MILIFACE_04_1,MILIFACE_04.png,0,0,152,152
MILIFACE_05_1,MILIFACE_05.png,0,0,152,152
MILIFACE_06_1,MILIFACE_06.png,0,0,152,152
MILIFACE_07_1,MILIFACE_07.png,0,0,152,152
MILIFACE_08_1,MILIFACE_08.png,0,0,152,152
MILIFACE_09_1,MILIFACE_09.png,0,0,152,152
MILIFACE_10_1,MILIFACE_10.png,0,0,152,152
MILIFACE_11_1,MILIFACE_11.png,0,0,152,152
MILIFACE_12_1,MILIFACE_12.png,0,0,152,152
MILIFACE_13_1,MILIFACE_13.png,0,0,152,152
MILIFACE_14_1,MILIFACE_14.png,0,0,152,152
MILIFACE_15_1,MILIFACE_15.png,0,0,152,152
MILIFACE_16_1,MILIFACE_16.png,0,0,152,152
MILIFACE_17_1,MILIFACE_17.png,0,0,152,152
MILIFACE_18_1,MILIFACE_18.png,0,0,152,152
MILIFACE_19_1,MILIFACE_19.png,0,0,152,152
MILIFACE_20_1,MILIFACE_20.png,0,0,152,152
MILIFACE_21_1,MILIFACE_21.png,0,0,152,152
MILIFACE_22_1,MILIFACE_22.png,0,0,152,152
MILIFACE_23_1,MILIFACE_23.png,0,0,152,152
MILIFACE_24_1,MILIFACE_24.png,0,0,152,152
MILIFACE_25_1,MILIFACE_25.png,0,0,152,152
MILIFACE_26_1,MILIFACE_26.png,0,0,152,152
MILIFACE_27_1,MILIFACE_27.png,0,0,152,152
MILIFACE_28_1,MILIFACE_28.png,0,0,152,152
MILIFACE_29_1,MILIFACE_29.png,0,0,152,152
MILIFACE_30_1,MILIFACE_30.png,0,0,152,152
MILIFACE_31_1,MILIFACE_31.png,0,0,152,152
MILIFACE_32_1,MILIFACE_32.png,0,0,152,152
MILIFACE_33_1,MILIFACE_33.png,0,0,152,152
MILIFACE_34_1,MILIFACE_34.png,0,0,152,152
MILIFACE_35_1,MILIFACE_35.png,0,0,152,152
MILIFACE_36_1,MILIFACE_36.png,0,0,152,152
MILIFACE_37_1,MILIFACE_37.png,0,0,152,152
MILIFACE_38_1,MILIFACE_38.png,0,0,152,152
MILIFACE_39_1,MILIFACE_39.png,0,0,152,152
MILIFACE_40_1,MILIFACE_40.png,0,0,152,152
MILIFACE_41_1,MILIFACE_41.png,0,0,152,152
MILIFACE_42_1,MILIFACE_42.png,0,0,152,152
MILIFACE_43_1,MILIFACE_43.png,0,0,152,152
MILIFACE_44_1,MILIFACE_44.png,0,0,152,152
MILIFACE_45_1,MILIFACE_45.png,0,0,152,152
MILIFACE_46_1,MILIFACE_46.png,0,0,152,152
MILIFACE_47_1,MILIFACE_47.png,0,0,152,152
MILIFACE_48_1,MILIFACE_48.png,0,0,152,152
MILIFACE_49_1,MILIFACE_49.png,0,0,152,152
MILIFACE_50_1,MILIFACE_50.png,0,0,152,152
MILIFACE_53_1,MILIFACE_53.png,0,0,152,152
MILIFACE_01_2,MILIFACE_01.png,152,0,152,152
MILIFACE_02_2,MILIFACE_02.png,152,0,152,152
MILIFACE_03_2,MILIFACE_03.png,152,0,152,152
MILIFACE_04_2,MILIFACE_04.png,152,0,152,152
MILIFACE_05_2,MILIFACE_05.png,152,0,152,152
MILIFACE_06_2,MILIFACE_06.png,152,0,152,152
MILIFACE_07_2,MILIFACE_07.png,152,0,152,152
MILIFACE_08_2,MILIFACE_08.png,152,0,152,152
MILIFACE_09_2,MILIFACE_09.png,152,0,152,152
MILIFACE_10_2,MILIFACE_10.png,152,0,152,152
MILIFACE_11_2,MILIFACE_11.png,152,0,152,152
MILIFACE_12_2,MILIFACE_12.png,152,0,152,152
MILIFACE_13_2,MILIFACE_13.png,152,0,152,152
MILIFACE_14_2,MILIFACE_14.png,152,0,152,152
MILIFACE_15_2,MILIFACE_15.png,152,0,152,152
MILIFACE_16_2,MILIFACE_16.png,152,0,152,152
MILIFACE_17_2,MILIFACE_17.png,152,0,152,152
MILIFACE_18_2,MILIFACE_18.png,152,0,152,152
MILIFACE_19_2,MILIFACE_19.png,152,0,152,152
MILIFACE_20_2,MILIFACE_20.png,152,0,152,152
MILIFACE_21_2,MILIFACE_21.png,152,0,152,152
MILIFACE_22_2,MILIFACE_22.png,152,0,152,152
MILIFACE_23_2,MILIFACE_23.png,152,0,152,152
MILIFACE_24_2,MILIFACE_24.png,152,0,152,152
MILIFACE_25_2,MILIFACE_25.png,152,0,152,152
MILIFACE_26_2,MILIFACE_26.png,152,0,152,152
MILIFACE_27_2,MILIFACE_27.png,152,0,152,152
MILIFACE_28_2,MILIFACE_28.png,152,0,152,152
MILIFACE_29_2,MILIFACE_29.png,152,0,152,152
MILIFACE_30_2,MILIFACE_30.png,152,0,152,152
MILIFACE_31_2,MILIFACE_31.png,152,0,152,152
MILIFACE_32_2,MILIFACE_32.png,152,0,152,152
MILIFACE_33_2,MILIFACE_33.png,152,0,152,152
MILIFACE_34_2,MILIFACE_34.png,152,0,152,152
MILIFACE_35_2,MILIFACE_35.png,152,0,152,152
MILIFACE_36_2,MILIFACE_36.png,152,0,152,152
MILIFACE_37_2,MILIFACE_37.png,152,0,152,152
MILIFACE_38_2,MILIFACE_38.png,152,0,152,152
MILIFACE_39_2,MILIFACE_39.png,152,0,152,152
MILIFACE_40_2,MILIFACE_40.png,152,0,152,152
MILIFACE_41_2,MILIFACE_41.png,152,0,152,152
MILIFACE_42_2,MILIFACE_42.png,152,0,152,152
MILIFACE_43_2,MILIFACE_43.png,152,0,152,152
MILIFACE_44_2,MILIFACE_44.png,152,0,152,152
MILIFACE_45_2,MILIFACE_45.png,152,0,152,152
MILIFACE_46_2,MILIFACE_46.png,152,0,152,152
MILIFACE_47_2,MILIFACE_47.png,152,0,152,152
MILIFACE_48_2,MILIFACE_48.png,152,0,152,152
MILIFACE_49_2,MILIFACE_49.png,152,0,152,152
MILIFACE_50_2,MILIFACE_50.png,152,0,152,152
MILIFACE_53_2,MILIFACE_53.png,152,0,152,152
MILIFACE_01_3,MILIFACE_01.png,304,0,152,152
MILIFACE_02_3,MILIFACE_02.png,304,0,152,152
MILIFACE_03_3,MILIFACE_03.png,304,0,152,152
MILIFACE_04_3,MILIFACE_04.png,304,0,152,152
MILIFACE_05_3,MILIFACE_05.png,304,0,152,152
MILIFACE_06_3,MILIFACE_06.png,304,0,152,152
MILIFACE_07_3,MILIFACE_07.png,304,0,152,152
MILIFACE_08_3,MILIFACE_08.png,304,0,152,152
MILIFACE_09_3,MILIFACE_09.png,304,0,152,152
MILIFACE_10_3,MILIFACE_10.png,304,0,152,152
MILIFACE_11_3,MILIFACE_11.png,304,0,152,152
MILIFACE_12_3,MILIFACE_12.png,304,0,152,152
MILIFACE_13_3,MILIFACE_13.png,304,0,152,152
MILIFACE_14_3,MILIFACE_14.png,304,0,152,152
MILIFACE_15_3,MILIFACE_15.png,304,0,152,152
MILIFACE_16_3,MILIFACE_16.png,304,0,152,152
MILIFACE_17_3,MILIFACE_17.png,304,0,152,152
MILIFACE_18_3,MILIFACE_18.png,304,0,152,152
MILIFACE_19_3,MILIFACE_19.png,304,0,152,152
MILIFACE_20_3,MILIFACE_20.png,304,0,152,152
MILIFACE_21_3,MILIFACE_21.png,304,0,152,152
MILIFACE_22_3,MILIFACE_22.png,304,0,152,152
MILIFACE_23_3,MILIFACE_23.png,304,0,152,152
MILIFACE_24_3,MILIFACE_24.png,304,0,152,152
MILIFACE_25_3,MILIFACE_25.png,304,0,152,152
MILIFACE_26_3,MILIFACE_26.png,304,0,152,152
MILIFACE_27_3,MILIFACE_27.png,304,0,152,152
MILIFACE_28_3,MILIFACE_28.png,304,0,152,152
MILIFACE_29_3,MILIFACE_29.png,304,0,152,152
MILIFACE_30_3,MILIFACE_30.png,304,0,152,152
MILIFACE_31_3,MILIFACE_31.png,304,0,152,152
MILIFACE_32_3,MILIFACE_32.png,304,0,152,152
MILIFACE_33_3,MILIFACE_33.png,304,0,152,152
MILIFACE_34_3,MILIFACE_34.png,304,0,152,152
MILIFACE_35_3,MILIFACE_35.png,304,0,152,152
MILIFACE_36_3,MILIFACE_36.png,304,0,152,152
MILIFACE_37_3,MILIFACE_37.png,304,0,152,152
MILIFACE_38_3,MILIFACE_38.png,304,0,152,152
MILIFACE_39_3,MILIFACE_39.png,304,0,152,152
MILIFACE_40_3,MILIFACE_40.png,304,0,152,152
MILIFACE_41_3,MILIFACE_41.png,304,0,152,152
MILIFACE_42_3,MILIFACE_42.png,304,0,152,152
MILIFACE_43_3,MILIFACE_43.png,304,0,152,152
MILIFACE_44_3,MILIFACE_44.png,304,0,152,152
MILIFACE_45_3,MILIFACE_45.png,304,0,152,152
MILIFACE_46_3,MILIFACE_46.png,304,0,152,152
MILIFACE_47_3,MILIFACE_47.png,304,0,152,152
MILIFACE_48_3,MILIFACE_48.png,304,0,152,152
MILIFACE_49_3,MILIFACE_49.png,304,0,152,152
MILIFACE_50_3,MILIFACE_50.png,304,0,152,152
MILIFACE_53_3,MILIFACE_50.png,304,0,152,152
MILIFACE_01_4,MILIFACE_01.png,456,0,152,152
MILIFACE_02_4,MILIFACE_02.png,456,0,152,152
MILIFACE_03_4,MILIFACE_03.png,456,0,152,152
MILIFACE_04_4,MILIFACE_04.png,456,0,152,152
MILIFACE_05_4,MILIFACE_05.png,456,0,152,152
MILIFACE_06_4,MILIFACE_06.png,456,0,152,152
MILIFACE_07_4,MILIFACE_07.png,456,0,152,152
MILIFACE_08_4,MILIFACE_08.png,456,0,152,152
MILIFACE_09_4,MILIFACE_09.png,456,0,152,152
MILIFACE_10_4,MILIFACE_10.png,456,0,152,152
MILIFACE_11_4,MILIFACE_11.png,456,0,152,152
MILIFACE_12_4,MILIFACE_12.png,456,0,152,152
MILIFACE_13_4,MILIFACE_13.png,456,0,152,152
MILIFACE_14_4,MILIFACE_14.png,456,0,152,152
MILIFACE_15_4,MILIFACE_15.png,456,0,152,152
MILIFACE_16_4,MILIFACE_16.png,456,0,152,152
MILIFACE_17_4,MILIFACE_17.png,456,0,152,152
MILIFACE_18_4,MILIFACE_18.png,456,0,152,152
MILIFACE_19_4,MILIFACE_19.png,456,0,152,152
MILIFACE_20_4,MILIFACE_20.png,456,0,152,152
MILIFACE_21_4,MILIFACE_21.png,456,0,152,152
MILIFACE_22_4,MILIFACE_22.png,456,0,152,152
MILIFACE_23_4,MILIFACE_23.png,456,0,152,152
MILIFACE_24_4,MILIFACE_24.png,456,0,152,152
MILIFACE_25_4,MILIFACE_25.png,456,0,152,152
MILIFACE_26_4,MILIFACE_26.png,456,0,152,152
MILIFACE_27_4,MILIFACE_27.png,456,0,152,152
MILIFACE_28_4,MILIFACE_28.png,456,0,152,152
MILIFACE_29_4,MILIFACE_29.png,456,0,152,152
MILIFACE_30_4,MILIFACE_30.png,456,0,152,152
MILIFACE_31_4,MILIFACE_31.png,456,0,152,152
MILIFACE_32_4,MILIFACE_32.png,456,0,152,152
MILIFACE_33_4,MILIFACE_33.png,456,0,152,152
MILIFACE_34_4,MILIFACE_34.png,456,0,152,152
MILIFACE_35_4,MILIFACE_35.png,456,0,152,152
MILIFACE_36_4,MILIFACE_36.png,456,0,152,152
MILIFACE_37_4,MILIFACE_37.png,456,0,152,152
MILIFACE_38_4,MILIFACE_38.png,456,0,152,152
MILIFACE_39_4,MILIFACE_39.png,456,0,152,152
MILIFACE_40_4,MILIFACE_40.png,456,0,152,152
MILIFACE_41_4,MILIFACE_41.png,456,0,152,152
MILIFACE_42_4,MILIFACE_42.png,456,0,152,152
MILIFACE_43_4,MILIFACE_43.png,456,0,152,152
MILIFACE_44_4,MILIFACE_44.png,456,0,152,152
MILIFACE_45_4,MILIFACE_45.png,456,0,152,152
MILIFACE_46_4,MILIFACE_46.png,456,0,152,152
MILIFACE_47_4,MILIFACE_47.png,456,0,152,152
MILIFACE_48_4,MILIFACE_48.png,456,0,152,152
MILIFACE_49_4,MILIFACE_49.png,456,0,152,152
MILIFACE_50_4,MILIFACE_50.png,456,0,152,152
MILIFACE_53_4,MILIFACE_53.png,456,0,152,152
MILIFACE_01_5,MILIFACE_01.png,608,0,152,152
MILIFACE_02_5,MILIFACE_02.png,608,0,152,152
MILIFACE_03_5,MILIFACE_03.png,608,0,152,152
MILIFACE_04_5,MILIFACE_04.png,608,0,152,152
MILIFACE_05_5,MILIFACE_05.png,608,0,152,152
MILIFACE_06_5,MILIFACE_06.png,608,0,152,152
MILIFACE_07_5,MILIFACE_07.png,608,0,152,152
MILIFACE_08_5,MILIFACE_08.png,608,0,152,152
MILIFACE_09_5,MILIFACE_09.png,608,0,152,152
MILIFACE_10_5,MILIFACE_10.png,608,0,152,152
MILIFACE_11_5,MILIFACE_11.png,608,0,152,152
MILIFACE_12_5,MILIFACE_12.png,608,0,152,152
MILIFACE_13_5,MILIFACE_13.png,608,0,152,152
MILIFACE_14_5,MILIFACE_14.png,608,0,152,152
MILIFACE_15_5,MILIFACE_15.png,608,0,152,152
MILIFACE_16_5,MILIFACE_16.png,608,0,152,152
MILIFACE_17_5,MILIFACE_17.png,608,0,152,152
MILIFACE_18_5,MILIFACE_18.png,608,0,152,152
MILIFACE_19_5,MILIFACE_19.png,608,0,152,152
MILIFACE_20_5,MILIFACE_20.png,608,0,152,152
MILIFACE_21_5,MILIFACE_21.png,608,0,152,152
MILIFACE_22_5,MILIFACE_22.png,608,0,152,152
MILIFACE_23_5,MILIFACE_23.png,608,0,152,152
MILIFACE_24_5,MILIFACE_24.png,608,0,152,152
MILIFACE_25_5,MILIFACE_25.png,608,0,152,152
MILIFACE_26_5,MILIFACE_26.png,608,0,152,152
MILIFACE_27_5,MILIFACE_27.png,608,0,152,152
MILIFACE_28_5,MILIFACE_28.png,608,0,152,152
MILIFACE_29_5,MILIFACE_29.png,608,0,152,152
MILIFACE_30_5,MILIFACE_30.png,608,0,152,152
MILIFACE_31_5,MILIFACE_31.png,608,0,152,152
MILIFACE_32_5,MILIFACE_32.png,608,0,152,152
MILIFACE_33_5,MILIFACE_33.png,608,0,152,152
MILIFACE_34_5,MILIFACE_34.png,608,0,152,152
MILIFACE_35_5,MILIFACE_35.png,608,0,152,152
MILIFACE_36_5,MILIFACE_36.png,608,0,152,152
MILIFACE_37_5,MILIFACE_37.png,608,0,152,152
MILIFACE_38_5,MILIFACE_38.png,608,0,152,152
MILIFACE_39_5,MILIFACE_39.png,608,0,152,152
MILIFACE_40_5,MILIFACE_40.png,608,0,152,152
MILIFACE_41_5,MILIFACE_41.png,608,0,152,152
MILIFACE_42_5,MILIFACE_42.png,608,0,152,152
MILIFACE_43_5,MILIFACE_43.png,608,0,152,152
MILIFACE_44_5,MILIFACE_44.png,608,0,152,152
MILIFACE_45_5,MILIFACE_45.png,608,0,152,152
MILIFACE_46_5,MILIFACE_46.png,608,0,152,152
MILIFACE_47_5,MILIFACE_47.png,608,0,152,152
MILIFACE_48_5,MILIFACE_48.png,608,0,152,152
MILIFACE_49_5,MILIFACE_49.png,608,0,152,152
MILIFACE_50_5,MILIFACE_50.png,608,0,152,152
MILIFACE_53_5,MILIFACE_53.png,608,0,152,152
MILIFACE_53_EX1,MILIFACE_53_EX01.png,0,0,152,152